<!-- derby....-->
<configuration>
   <property>
     <name>javax.jdo.option.ConnectionURL</name>
     <value>jdbc:derby:;databaseName=/kikang/kikang_metastore_db/metastore_db;create=true</value>
     <description>JDBC connect string for a JDBC metastore</description>
   </property>
   <property>
     <name>javax.jdo.option.ConnectionDriverName</name>
     <value>org.apache.derby.jdbc.EmbeddedDriver</value>
     <description>Driver class name for a JDBC metastore</description>
   </property>
   <property>
      <name>hive.metastore.warehouse.dir</name>
      <!--<name>spark.sql.warehouse.dir</name>--> <!-- hive-site.xml용 아님.... spark conf 용임.... -->
      <value>/kikang/kikang_warehouse</value>
      <description>location of default database for the warehouse</description>
   </property>
</configuration>