<!-- mysql....-->
<configuration>
    <property>
        <name>javax.jdo.option.ConnectionURL</name>
        <value>jdbc:mysql://CentOS7-14:3306/metastore_db?createDatabaseIfNotExist=true</value>
        <description>metadata is stored in a MySQL server</description>
    </property>
    <property>
        <name>javax.jdo.option.ConnectionDriverName</name>
        <value>com.mysql.jdbc.Driver</value>
        <description>MySQL JDBC driver class</description>
    </property>
    <property>
        <name>javax.jdo.option.ConnectionUserName</name>
        <value>root</value>
        <description>user name for connecting to mysql server </description>
    </property>
    <property>
        <name>javax.jdo.option.ConnectionPassword</name>
        <value>root</value>
        <description>password for connecting to mysql server </description>
    </property>
    <property>
      	<name>hive.metastore.warehouse.dir</name>
      	<!--<name>spark.sql.warehouse.dir</name>--> <!-- hive-site.xml용 아님.... spark conf 용임.... -->
      	<value>/kikang/kikang_warehouse</value>
      	<description>location of default database for the warehouse</description>
   </property>
</configuration>